time_ms,DCT,ACDQT,TAD,CSCT,ABP,MRSMBA
50.0000,14.8395,14.6644,15.3143,14.4713,12.5194,14.4809
100.0000,14.4202,14.5441,14.5056,14.5520,14.5506,14.4452
150.0000,14.4203,14.2866,14.4208,14.4083,14.3705,14.4631
200.0000,14.4766,14.6619,14.3672,14.4994,14.9465,14.4203
250.0000,14.4655,14.3613,12.8180,14.3633,14.3317,14.9420
300.0000,14.5049,14.3699,14.4441,14.5026,14.7843,14.3705
350.0000,14.4443,14.3863,14.5088,14.4994,14.3289,13.2039
400.0000,14.2274,14.4442,14.1983,14.3661,14.0794,14.3760
450.0000,14.4764,14.4820,14.4033,14.3878,14.5168,14.4030
500.0000,14.5227,14.4459,14.6816,14.4049,14.6446,14.4955
550.0000,14.4097,14.5051,14.1650,14.5546,15.0565,16.7567
600.0000,14.4354,14.1224,14.5580,14.3665,14.3921,14.4499
650.0000,14.4414,14.5910,14.4700,14.2584,14.0280,14.3804
700.0000,14.4998,14.5742,14.4970,14.4017,14.4180,14.5022
750.0000,14.3926,14.1818,14.1468,14.5106,13.8116,14.3964
800.0000,14.4474,14.6622,14.5096,14.2590,14.4691,14.3753
850.0000,14.1524,14.2209,14.5488,14.2105,14.4185,14.4000
900.0000,14.4758,14.6893,14.4972,14.5009,14.6195,14.4013
950.0000,14.4223,14.3337,14.2019,14.5367,15.1237,14.3321
1000.0000,14.3971,14.2133,14.3972,14.3827,14.4323,14.3646
1050.0000,14.5050,7.7179,14.4437,14.5245,14.1560,14.2432
1100.0000,14.4097,14.0387,14.1863,10.7358,11.9005,14.4150
1150.0000,14.0299,12.7949,14.2326,15.0282,6.4386,15.4475
1200.0000,11.6534,10.4289,14.0140,14.2792,11.6979,16.1457
1250.0000,13.1701,278.2115,401.7854,395.0359,7.6664,444.7886
1300.0000,240.8149,0.0000,14.4644,14.1415,397.4761,14.4566
1350.0000,14.4235,0.0000,14.1412,14.4484,14.3705,13.2231
1400.0000,14.1995,0.0000,14.3964,14.4511,14.3705,14.3705
1450.0000,14.4322,0.0000,14.7296,14.1498,14.6469,12.9926
1500.0000,14.5313,0.0000,14.1827,14.3503,14.3705,14.6001
1550.0000,14.4447,0.0000,14.4585,14.3436,14.5175,14.3309
1600.0000,14.5145,0.0000,14.4264,14.6166,14.6666,14.4709
1650.0000,14.4231,0.0000,14.5120,14.5002,14.5603,14.5058
1700.0000,14.2665,0.0000,14.4525,14.3457,14.4024,14.4412
1750.0000,14.4070,0.0000,14.4308,14.4430,14.4452,14.3891
1800.0000,14.4948,0.0000,14.4837,14.4412,14.3486,14.5504
1850.0000,14.4843,0.0000,14.4611,12.9615,14.6070,14.4585
1900.0000,14.4427,11.0512,14.4705,14.5310,14.5658,14.3658
1950.0000,14.3898,14.6022,14.4716,14.4876,14.2532,14.4279
2000.0000,14.4165,14.2873,14.4023,14.5250,14.9351,14.4823
2050.0000,14.3803,14.3613,14.3594,14.2147,15.0163,14.4074
2100.0000,13.8038,14.4947,13.8948,13.6576,12.9533,13.9785
2150.0000,11.3455,12.8951,14.4037,210.6913,12.1759,10.4675
2200.0000,12.0733,23.0894,9.7465,14.4478,9.6236,10.0101
2250.0000,397.2971,377.0600,400.3987,14.3859,383.6830,443.6437
2300.0000,14.4364,14.4352,14.4451,14.3996,14.3705,14.3817
2350.0000,14.4884,14.4352,14.2214,14.6104,14.3705,14.5179
2400.0000,14.4458,14.4352,14.3999,14.3286,14.6469,14.4126
2450.0000,14.4814,14.4352,14.4786,14.6530,14.3705,13.0997
2500.0000,14.4120,14.4965,14.4211,14.4308,14.3705,15.4865
2550.0000,14.5499,14.1653,14.4252,14.4312,14.3705,14.4219
2600.0000,14.4027,14.5300,14.4751,14.3213,14.6469,14.4267
2650.0000,14.5674,14.5208,14.5130,14.4999,14.2636,14.4579
2700.0000,14.1950,14.5092,14.5006,14.4609,14.8695,14.4066
2750.0000,14.5336,14.1551,14.4050,14.5573,14.1917,14.3247
2800.0000,14.4246,14.5177,14.4364,14.5591,14.2676,14.4177
2850.0000,14.4526,14.5276,14.4640,14.4916,14.5502,14.5426
2900.0000,14.4292,14.5092,14.4179,14.2669,14.3817,14.3804
2950.0000,14.4611,14.1551,14.2081,14.3502,14.1337,14.2476
3000.0000,14.4819,14.4507,14.4547,14.4904,14.3494,14.5353
3050.0000,14.5110,14.5143,14.4542,14.0131,14.0759,14.4345
3100.0000,14.3458,14.2436,12.0853,12.3176,13.4205,15.2933
3150.0000,13.4089,9.9337,14.4993,10.4518,7.5232,10.8380
3200.0000,9.9176,8.8065,14.5247,201.5947,9.8235,12.8020
3250.0000,7.8873,461.1402,180.9205,14.5326,6.5863,432.4149
3300.0000,288.1674,14.2858,14.4390,14.4798,167.7237,13.1965
3350.0000,14.2268,14.6521,14.4120,14.4882,14.3705,15.3802
3400.0000,14.4641,14.2735,14.4793,14.4722,14.3705,14.3412
3450.0000,14.4536,14.6717,14.4712,14.4428,14.3705,14.5612
3500.0000,14.4791,14.2483,14.3722,14.5103,14.5505,14.4255
3550.0000,14.4107,14.6341,14.5364,14.5062,14.3705,14.1433
3600.0000,14.3440,14.2726,14.5358,14.4330,14.3705,14.4528
3650.0000,14.4617,14.6189,14.4538,14.6932,14.3705,14.5597
3700.0000,14.4317,14.3007,14.2018,14.3028,14.5336,14.4265
3750.0000,14.4593,14.2505,14.3958,14.5522,14.5341,14.3956
3800.0000,14.4017,14.6186,14.4247,14.2442,14.7126,14.3845
3850.0000,14.4570,14.2604,14.3779,14.5550,14.3086,14.3743
3900.0000,14.4012,14.6119,14.5167,14.5178,14.3767,14.4267
3950.0000,14.4517,14.2380,14.5461,14.2294,14.2836,14.5495
4000.0000,14.4431,14.5905,14.2083,14.3734,14.5356,14.2999
4050.0000,14.4763,14.0326,14.2061,13.3802,13.9619,14.3857
4100.0000,14.2004,14.0710,12.8685,13.6928,13.9029,14.3181
4150.0000,11.2038,11.9168,7.6801,12.6744,7.9834,12.9574
4200.0000,11.6553,7.1910,7.3529,344.2807,14.1469,14.7528
4250.0000,10.5851,7.2934,439.1369,14.4902,247.8704,293.2523
4300.0000,14.3191,440.3131,14.3985,14.4691,14.3705,14.3708
4350.0000,14.5215,14.4103,14.5540,14.3668,14.3705,14.1370
4400.0000,14.4894,14.3958,14.4157,14.4934,14.6469,14.6469
4450.0000,14.4836,14.7561,14.1659,14.4198,14.3705,12.8427
4500.0000,14.4175,14.3471,14.4475,14.4475,14.3705,14.5248
4550.0000,14.4395,14.3832,14.5056,14.4514,14.3705,14.4934
4600.0000,14.1958,14.3629,14.4111,14.4525,14.3705,14.4808
4650.0000,14.4310,14.3561,14.4427,13.1972,14.4444,14.4192
4700.0000,14.4387,14.3512,14.4878,14.2373,14.5120,14.4809
4750.0000,14.4980,14.7347,14.5039,14.5411,14.3990,14.3522
4800.0000,14.4361,14.3390,14.4588,14.5325,14.4741,14.5871
4850.0000,14.4878,14.3542,14.4577,14.2469,14.3087,14.5099
4900.0000,14.4271,14.3528,14.2087,14.5300,14.8130,14.3099
4950.0000,14.4513,14.6353,14.4732,14.4985,14.6990,14.4101
5000.0000,14.3713,14.4118,14.4852,14.2307,14.4859,13.9847
5050.0000,14.3720,14.4220,14.3483,14.3808,14.1499,14.4931
5100.0000,14.0678,14.2375,14.1027,14.2400,12.3564,14.2874
5150.0000,9.9094,7.4583,7.8187,14.3384,10.9434,10.0702
5200.0000,9.3479,10.9891,8.2127,445.4712,12.6698,6.0700
5250.0000,10.0976,410.1930,405.8631,14.3729,11.8142,443.6913
5300.0000,427.4884,14.4280,14.2164,14.6559,432.1194,14.4661
5350.0000,14.3987,14.4779,14.4837,14.2625,14.3705,14.4174
5400.0000,14.5136,14.4594,14.4271,14.3118,14.3705,14.4581
5450.0000,14.4553,14.4962,14.4522,14.2531,14.6469,13.0030
5500.0000,14.4798,14.5484,14.4083,14.5274,14.3705,14.2333
5550.0000,14.2303,14.2094,14.5082,14.4090,14.3861,14.4559
5600.0000,14.5074,0.0000,14.4474,14.6102,14.3705,14.4440
5650.0000,14.4659,0.0000,14.4512,14.2022,14.3705,14.4226
5700.0000,14.4579,0.0000,14.4484,14.5432,14.3657,14.3627
5750.0000,14.4645,0.0000,14.2503,15.3372,14.6387,14.5180
5800.0000,14.1966,0.0000,14.5336,14.5041,14.4608,14.4914
5850.0000,14.3552,0.0000,14.5209,14.3162,14.4202,14.3659
5900.0000,14.4847,3.0664,14.4726,14.2880,14.0765,14.4050
5950.0000,14.4232,14.5315,14.4667,14.5187,14.6063,14.4507
6000.0000,14.5112,14.2808,14.2493,14.5787,14.4626,14.2378
6050.0000,14.2052,14.5917,14.4902,13.8428,14.6626,14.4870
6100.0000,14.1250,14.2908,14.4500,11.1684,14.7205,14.2427
6150.0000,11.0799,8.4686,11.6893,5.6641,8.0451,10.2758
6200.0000,12.5766,6.0062,8.4470,405.8819,11.6759,9.9820
6250.0000,11.1636,369.0440,328.5640,14.6583,420.4913,446.6745
6300.0000,269.0995,14.4396,13.9466,14.4639,14.3705,13.2913
6350.0000,14.1892,14.4352,14.1798,14.4887,14.3705,15.1519
6400.0000,14.4217,14.4352,14.4296,14.4646,14.6469,14.5364
6450.0000,14.4578,14.4352,14.4078,14.5271,14.3632,14.4464
6500.0000,14.4797,14.4352,14.5747,14.4295,14.3705,14.4092
6550.0000,14.4960,14.5215,14.4976,14.5291,14.3755,14.8877
6600.0000,14.4178,14.5211,14.4881,14.4658,14.5868,14.5661
6650.0000,14.5046,14.1590,14.1956,13.5268,14.3640,14.3982
6700.0000,14.4285,14.5167,14.4427,14.5326,14.1817,14.4060
6750.0000,14.4561,14.5124,14.4786,14.2507,14.4361,14.3891
6800.0000,14.2704,14.5104,14.5101,14.5116,14.3655,14.4225
6850.0000,14.4577,14.1680,14.4435,14.2775,14.5619,14.3310
6900.0000,14.4285,14.5262,14.1546,14.3473,14.6261,14.5179
6950.0000,14.5551,14.5175,14.5139,14.5433,14.4216,14.4542
7000.0000,14.4693,14.4702,14.4496,14.2156,14.5320,14.2687
7050.0000,14.4625,14.1223,14.3072,14.4547,14.8809,14.5064
7100.0000,14.4891,14.5092,12.5877,11.7512,13.7523,14.2010
7150.0000,10.2987,8.7955,14.1933,213.9801,11.6218,6.8323
7200.0000,8.3594,8.9075,20.4369,14.4636,7.0611,13.0193
7250.0000,424.3808,461.3760,441.6136,14.4806,339.9396,399.5279
7300.0000,14.4925,14.2497,14.2010,14.4332,14.6469,14.4322
7350.0000,14.4311,14.6432,14.3987,14.2298,14.3705,12.8763
7400.0000,14.4134,14.2568,14.4986,14.6806,14.3705,14.3705
7450.0000,14.4614,14.2624,14.5071,14.4084,14.3705,13.5715
7500.0000,14.3862,14.6153,14.3540,14.5056,14.6469,14.3228
7550.0000,14.4800,14.2514,14.4233,14.4637,14.3705,14.4369
7600.0000,14.4533,14.5909,14.4617,14.4494,14.3705,14.4000
7650.0000,14.4947,14.2718,14.5100,14.3753,14.5270,14.4270
7700.0000,14.4806,14.6654,14.4114,13.5417,14.5498,14.3731
7750.0000,14.1829,14.2550,14.4665,14.5087,14.4385,14.4553
7800.0000,14.4504,14.6575,14.1805,14.2712,14.7914,14.2933
7850.0000,14.5071,14.2748,14.6969,14.5096,14.5901,14.5630
7900.0000,14.5083,14.3189,14.2399,14.5353,14.4214,14.4292
7950.0000,14.1553,14.6193,14.4616,14.2384,14.4122,14.3367
8000.0000,14.7510,14.2652,14.5057,14.5242,14.3084,14.9696
8050.0000,14.1353,14.4684,14.5178,14.7767,14.4058,14.3818
8100.0000,13.8771,13.6522,14.5154,11.7369,12.3250,13.7370
8150.0000,10.1424,13.7178,11.1987,58.4890,8.5636,11.2293
8200.0000,10.4092,9.1758,9.4211,14.4083,13.7788,8.7301
8250.0000,449.5695,7.9051,319.9286,14.4196,10.6788,446.5784
8300.0000,14.2271,350.5856,14.4342,14.4583,423.1523,14.4399
8350.0000,14.5099,14.3773,14.4428,14.4200,14.3705,14.3962
8400.0000,14.4693,14.4006,14.3951,14.5163,14.3705,14.3238
8450.0000,14.4690,14.7365,14.1898,14.3735,14.6469,14.7277
8500.0000,14.2573,14.3690,14.4982,14.2899,14.3705,13.3453
8550.0000,14.4925,14.3431,14.4237,14.2576,14.3705,14.5018
8600.0000,14.4346,14.3723,14.4379,14.3919,14.3705,14.4282
8650.0000,14.4565,14.4216,14.4839,13.0434,14.6935,14.3218
8700.0000,14.4949,14.3526,14.4403,14.5092,14.1138,14.3759
8750.0000,14.2429,14.7585,14.4778,14.5806,14.6117,14.3415
8800.0000,14.5897,14.3876,14.4692,14.2454,14.4767,14.3845
8850.0000,14.4364,14.3913,14.4815,14.4997,14.4856,14.4742
8900.0000,14.4237,14.3567,14.1959,14.5537,14.1132,14.5245
8950.0000,14.4639,14.3663,14.4149,14.2599,14.3714,14.4413
9000.0000,14.2752,14.4252,14.4236,14.4827,14.3486,14.3673
9050.0000,14.2093,14.3737,14.4550,14.3607,14.7532,13.7107
9100.0000,12.8184,13.9336,14.1796,13.8066,14.4462,14.0559
9150.0000,7.2958,8.7532,9.2914,11.8486,12.2852,12.5643
9200.0000,7.7847,8.3210,5.0935,428.1354,16.0041,10.0110
9250.0000,10.3161,140.8155,386.8554,14.5625,310.1491,171.7774
9300.0000,175.6309,14.4443,14.4543,14.2424,14.3705,14.4066
9350.0000,14.4975,14.4311,13.5503,14.4598,14.3705,13.0324
9400.0000,14.2389,14.5051,14.4924,14.4181,14.3705,14.4857
9450.0000,14.5008,14.4638,14.3860,14.5885,14.6469,14.3833
9500.0000,14.4570,14.4606,14.5153,14.6267,14.3705,14.3947
9550.0000,14.4687,14.1721,14.4759,14.5352,14.3705,14.9174
9600.0000,14.4685,11.2190,14.4769,14.4774,14.3705,14.4276
9650.0000,14.4414,0.0000,14.4474,14.2387,14.4916,14.3888
9700.0000,14.4125,0.0000,14.4197,14.2361,14.2665,14.3969
9750.0000,14.4690,0.0000,14.4860,15.3759,14.7189,14.4242
9800.0000,14.5043,0.0000,14.1934,14.5347,14.9045,14.4528
9850.0000,14.1336,0.0000,14.5104,14.4750,14.5152,14.5168
9900.0000,14.4379,9.6362,14.4330,14.3113,14.2976,14.5108
9950.0000,14.4679,14.2214,14.5378,14.5783,14.5175,14.4563
10000.0000,14.4290,14.6360,14.4986,14.4082,14.0536,14.5519
10050.0000,14.4791,14.2750,14.1454,14.2065,14.1360,14.3651
10100.0000,13.1995,14.3613,13.6272,12.1343,12.8744,14.0351
10150.0000,5.3235,14.3613,8.3223,6.4912,12.8426,8.1690
10200.0000,8.2458,9.0169,8.9782,417.9856,11.0211,6.9720
10250.0000,274.0503,419.7296,339.3438,14.5340,393.8088,12.7807
10300.0000,14.4967,14.4352,14.2311,14.3255,14.6469,430.2525
10350.0000,14.1827,14.4352,14.4013,14.4613,14.3705,13.4293
10400.0000,14.5427,14.4352,14.4947,14.5095,14.3705,14.3705
10450.0000,14.5014,14.4352,14.4691,14.4034,14.3705,13.7020
10500.0000,14.4938,14.4632,14.4721,14.5157,14.3705,14.4348
10550.0000,14.1927,14.5303,14.4444,14.3286,14.6469,14.4553
10600.0000,14.5172,14.5092,14.4903,14.4031,14.3140,14.4376
10650.0000,14.4662,14.1598,14.4768,13.5450,14.4529,14.4145
10700.0000,14.4670,14.5141,14.1737,14.2740,14.3236,14.4752
10750.0000,14.3977,14.5189,14.4651,14.4903,14.5609,14.5069
10800.0000,14.4894,14.5127,14.4247,14.5785,14.0755,14.2887
10850.0000,14.4495,14.1750,14.4532,14.2380,14.4288,14.3493
10900.0000,14.4431,14.5172,14.5752,14.5044,14.4340,14.4815
10950.0000,14.3959,14.5123,14.3221,14.2648,14.2958,14.3825
11000.0000,14.3142,14.5147,14.4752,14.4611,14.3078,14.4330
11050.0000,14.2160,13.8903,14.2130,14.5051,14.3370,14.4728
11100.0000,14.2707,14.1109,13.7616,14.7966,13.9939,12.8629
11150.0000,9.4038,11.5731,10.8085,9.7827,11.0861,14.4516
11200.0000,6.8975,15.4589,12.7583,360.2830,14.1889,23.4525
11250.0000,278.7490,447.0368,404.2801,14.4138,364.0913,280.2751
11300.0000,14.5307,14.6267,14.3883,14.4770,14.3705,14.4280
11350.0000,14.5002,14.2543,14.4360,14.5115,14.3705,14.3002
11400.0000,14.4851,14.6062,14.4456,14.3545,14.3705,14.5723
11450.0000,14.3967,14.2591,14.4351,14.4819,14.6469,15.2262
11500.0000,14.1609,14.6069,14.4605,14.2104,14.3705,13.0414
11550.0000,14.4775,14.2479,14.4715,14.5312,14.3705,14.3480
11600.0000,14.5128,14.6140,14.4301,14.4012,14.3705,14.4796
11650.0000,14.4389,14.2969,14.4143,14.3775,14.6596,14.3882
11700.0000,14.5345,14.6301,14.4898,14.5305,14.2589,14.5559
11750.0000,14.2119,14.2683,14.4758,14.9430,14.2927,14.4912
11800.0000,14.4110,14.2620,14.4724,14.5516,14.3681,14.3820
11850.0000,14.4376,14.6099,14.4350,14.2313,14.2313,14.2231
11900.0000,14.5079,14.2615,14.4067,14.5170,14.6295,14.5047
11950.0000,14.4620,14.5432,14.4278,14.7918,14.2577,14.4832
12000.0000,14.4471,14.2070,14.4972,14.4778,14.3088,14.3689
12050.0000,14.2269,14.4199,14.2476,14.0123,14.1459,13.3890
12100.0000,13.9199,14.1358,14.4380,10.8476,12.7401,14.0923
12150.0000,8.9882,8.7774,12.8940,320.0520,9.9532,11.3163
12200.0000,6.4810,14.7113,15.9424,14.2021,14.3242,8.2210
12250.0000,11.0995,365.1263,390.0699,14.4423,302.7560,13.2089
12300.0000,125.7691,14.3905,14.4659,14.4885,14.3705,301.7369
12350.0000,14.4306,14.3571,14.3825,14.4496,14.3705,13.1215
12400.0000,14.4478,14.3452,14.4514,14.3820,14.3755,14.4647
12450.0000,14.4174,14.7052,15.0955,14.6544,14.3705,14.4347
12500.0000,14.2099,14.3511,14.4595,14.4423,14.6469,14.4829
12550.0000,14.4091,14.3482,14.5095,14.2048,14.3705,14.3768
12600.0000,14.5036,14.3864,14.4891,14.4870,14.3705,14.3993
12650.0000,14.4041,14.3647,14.5063,13.1598,14.5120,14.5158
12700.0000,14.5422,14.7245,14.4420,14.5223,14.1494,14.4089
12750.0000,14.4390,14.3415,14.2106,14.1987,14.3681,14.3789
12800.0000,14.4922,14.3621,14.5285,14.5527,14.4175,14.4502
12850.0000,14.4303,14.3608,14.4435,14.5406,14.2725,14.4653
12900.0000,14.4228,14.4039,14.4423,14.2484,14.6732,14.3763
12950.0000,14.3679,14.3768,14.3914,14.5032,14.3329,14.4102
13000.0000,14.3921,14.3007,14.4158,14.2645,14.4101,14.3906
13050.0000,14.2156,14.3451,14.4118,14.7323,14.3580,14.4612
13100.0000,13.6981,13.5312,14.2513,12.2389,14.0759,13.9832
13150.0000,4.3464,12.3047,10.8906,13.8196,11.6780,8.6683
13200.0000,8.9722,10.7169,7.2108,107.1752,11.6686,14.3593
13250.0000,346.7305,447.7174,445.4500,14.4360,458.7702,11.5560
13300.0000,14.4184,14.4439,14.4701,14.4272,14.3705,278.2219
13350.0000,14.4361,14.4661,14.4258,14.3174,14.3705,13.4032
13400.0000,14.4985,14.4063,14.5230,14.4966,14.3705,14.3705
13450.0000,14.4267,14.4490,14.4744,14.4146,14.3705,13.7367
13500.0000,14.4771,14.4741,14.2685,14.4637,14.6469,14.4872
13550.0000,14.4667,14.5562,14.4909,14.3330,14.4036,14.5174
13600.0000,14.1951,4.2246,14.4805,14.3523,14.5794,14.4575
13650.0000,14.4494,0.0000,14.4369,14.2680,14.2900,14.3734
13700.0000,14.3163,0.0000,14.5158,14.5419,14.2231,14.5637
13750.0000,14.7216,0.0000,14.4353,14.5058,14.2734,14.4256
13800.0000,14.1672,0.0000,14.4592,14.2428,14.6504,14.3357
13850.0000,14.5335,0.0000,14.4031,14.5544,14.1997,14.3561
13900.0000,14.4870,8.2489,14.5182,14.5325,14.6392,14.4437
13950.0000,14.4837,14.2081,14.4586,14.2752,14.3755,14.4271
14000.0000,14.3842,14.6360,14.2494,14.6077,14.1618,14.4037
14050.0000,14.2763,14.3283,14.4157,14.2303,14.8229,14.4067
14100.0000,13.6852,13.5012,13.6936,14.5358,14.3529,14.3720
14150.0000,6.7166,9.4493,14.4683,209.5193,6.9256,6.3884
14200.0000,13.1498,9.2825,7.8170,14.6938,8.3588,11.1143
14250.0000,308.1634,453.6958,317.3353,14.4942,284.2562,10.4492
14300.0000,14.5173,14.4352,14.3969,14.3476,14.3705,275.2801
14350.0000,14.4552,14.4352,14.4444,14.4811,14.3705,14.3440
14400.0000,14.2197,14.4352,14.4518,14.5208,14.3705,14.4899
14450.0000,14.3934,14.4352,14.2164,14.5393,14.6469,15.4766
14500.0000,14.5187,14.4490,14.5325,14.5684,14.5868,12.9469
14550.0000,14.3913,14.5229,14.4683,14.3831,14.3705,14.4704
14600.0000,14.4889,14.5265,14.4483,14.3579,14.3705,14.4038
14650.0000,14.4262,14.5092,14.4946,13.0049,14.5661,14.4067
14700.0000,14.4464,14.1608,14.2433,14.2715,14.5587,14.4480
14750.0000,14.4376,14.5092,14.3818,14.5299,14.4052,14.5329
14800.0000,14.4953,14.5269,14.4848,14.5572,14.5189,14.3830
14850.0000,14.4255,14.5163,14.4348,14.2424,14.2246,14.5233
14900.0000,14.4278,14.1604,14.4417,14.5218,14.4339,14.4271
14950.0000,14.2070,14.5237,14.4321,14.2944,14.3547,14.3626
15000.0000,14.4622,14.5193,14.4355,14.4144,14.5916,14.4258
15050.0000,14.3045,14.3995,14.4023,14.6990,14.3225,13.1447
15100.0000,14.2744,14.1804,14.4379,12.7190,13.7251,13.9139
15150.0000,6.5921,14.4905,7.7634,8.5867,13.0041,10.6348
15200.0000,8.4175,12.5752,6.4205,445.8729,7.3682,11.0814
15250.0000,428.5839,14.6251,410.3533,14.2716,457.8215,459.8940
15300.0000,14.4332,453.8430,14.3888,14.3062,14.3705,14.3540
15350.0000,14.5122,14.2898,14.4413,14.2887,14.3705,13.1179
15400.0000,14.3903,14.6094,14.2372,14.3956,14.3705,14.5659
15450.0000,14.5069,14.2772,14.4803,14.3421,14.6469,14.3994
15500.0000,14.4012,14.6107,13.3302,14.3362,14.3705,14.2718
15550.0000,14.1506,14.2757,14.2155,14.4633,14.3705,16.8799
15600.0000,14.4471,14.6234,14.4495,14.4926,14.3861,14.4048
15650.0000,14.5418,14.2770,14.4785,14.4391,14.3705,14.4747
15700.0000,14.4443,14.6081,14.4049,14.4858,14.3442,14.3197
15750.0000,14.5544,14.2518,14.4219,15.4944,14.6561,14.3193
15800.0000,14.4098,14.6008,14.5075,14.5222,14.3982,14.4334
15850.0000,14.4644,14.2855,14.4581,14.2495,14.6425,14.4784
15900.0000,14.2496,14.2742,14.3751,14.5241,14.4838,14.3557
15950.0000,14.4990,14.6104,14.4438,14.2541,14.4394,14.2965
16000.0000,14.4294,14.2504,14.0767,14.5119,14.5425,14.4859
16050.0000,13.9713,14.4568,14.4856,14.1085,14.4637,14.4173
16100.0000,13.2394,13.7226,13.4512,11.3933,14.2536,14.2778
16150.0000,12.9346,14.3522,14.4853,163.8455,14.7546,10.9175
16200.0000,15.7014,7.6102,10.9921,14.4348,11.6514,9.3733
16250.0000,290.1649,438.8328,440.4446,14.3069,297.4414,11.6652
16300.0000,14.4025,14.3384,14.4249,14.5537,14.3705,184.4563
16350.0000,14.4542,14.3576,14.3981,14.3729,14.6469,13.3153
16400.0000,14.4111,14.3333,14.5173,14.3126,14.3705,14.3705
16450.0000,14.4882,14.7187,14.2114,14.4365,14.3705,12.8623
16500.0000,14.4602,14.3099,14.4461,14.5314,14.3705,14.4936
16550.0000,14.4941,14.3517,14.4735,14.3474,14.3705,14.4598
16600.0000,14.4284,14.3864,14.4827,14.4666,14.6469,14.4808
16650.0000,14.1881,14.3739,14.4218,13.0891,14.2980,14.2194
16700.0000,14.5546,14.7188,14.4381,14.4951,14.3705,14.4689
16750.0000,14.4314,14.3637,14.4871,14.2652,14.7817,14.4057
16800.0000,14.4760,14.3845,14.4478,14.5188,14.4449,14.5441
16850.0000,14.3308,14.3706,14.4409,14.5400,14.5868,14.4875
16900.0000,14.4751,14.3441,14.4508,14.2622,14.6659,14.4804
16950.0000,14.4497,14.6961,14.4421,14.5382,14.4228,14.3892
17000.0000,14.4047,14.3280,14.1784,14.5104,14.2487,14.5774
17050.0000,14.3257,14.2655,14.4030,14.2138,14.4358,14.3302
17100.0000,14.4378,14.3604,13.0479,12.4421,13.5909,13.8679
17150.0000,5.2080,13.4727,14.1346,5.9549,11.4286,11.3380
17200.0000,11.1610,10.6621,8.4103,429.4082,6.8752,15.3175
17250.0000,411.4812,414.4766,361.1385,14.7194,292.0380,338.3172
17300.0000,14.4507,14.5168,14.4417,14.4139,14.6469,14.5415
17350.0000,14.4748,14.4455,14.4805,14.6118,14.3705,14.4207
17400.0000,14.4488,14.4534,14.2174,14.3000,14.3705,14.4515
17450.0000,14.4588,14.1054,14.4257,14.4167,14.3705,13.7801
17500.0000,14.4426,14.5129,14.4810,14.2915,14.6469,12.9813
17550.0000,14.4553,14.5390,14.5417,14.3946,14.0905,14.3144
17600.0000,14.4107,5.7111,14.4242,14.3470,14.6469,14.5039
17650.0000,14.1654,0.0000,14.5372,14.4046,14.3640,14.3034
17700.0000,14.4221,0.0000,14.1710,14.5542,14.2371,14.4488
17750.0000,14.6878,0.0000,14.4843,15.6367,14.3430,14.3581
17800.0000,14.2117,0.0000,14.4490,14.2118,14.5317,14.3938
17850.0000,14.4207,0.0000,14.5415,14.4758,14.3804,14.5306
17900.0000,14.4624,4.7938,14.5040,14.5661,14.6542,14.4764
17950.0000,14.5353,14.5441,14.4541,14.2350,14.2603,14.3303
18000.0000,14.2872,14.2866,14.4631,14.4760,14.1871,14.4252
18050.0000,14.3544,14.6619,14.1965,14.4974,14.5914,13.3707
18100.0000,13.8541,14.2203,14.2899,14.4223,13.1766,14.1570
18150.0000,10.0000,5.5452,10.0644,15.6213,9.4563,11.2862
18200.0000,10.7614,13.4032,5.7067,387.1312,16.7810,14.4905
18250.0000,300.3173,409.8039,421.9370,14.4626,346.6526,31.8359
18300.0000,14.1938,14.4373,14.4257,14.5907,14.3705,294.9254
18350.0000,14.4486,14.4352,14.4971,14.4963,14.6469,13.3494
18400.0000,14.4544,14.4352,14.5094,14.3672,14.5683,14.4499
18450.0000,14.5066,14.4391,14.2491,14.5184,14.3705,14.4180
18500.0000,14.4777,14.4355,14.5343,14.4282,14.3705,14.2618
18550.0000,14.4367,14.5450,15.6456,14.3865,14.3705,13.0731
18600.0000,14.4896,14.1680,14.6972,14.3367,15.0308,14.4650
18650.0000,14.1624,14.5351,14.4581,13.3339,14.0886,14.3645
18700.0000,14.4792,14.5220,14.1593,14.4725,14.3768,14.5004
18750.0000,14.4827,14.5159,14.4408,14.2453,14.5788,14.4776
18800.0000,14.5023,14.1647,14.4738,14.5110,14.2636,14.4127
18850.0000,14.4695,14.5192,14.4294,14.4914,14.4085,14.4660
18900.0000,14.4534,14.5169,14.3653,14.2849,14.6938,14.4420
18950.0000,14.4175,14.5150,14.4728,14.4986,14.2912,14.5009
19000.0000,14.2192,14.1559,14.4535,14.4545,14.4931,14.4257
19050.0000,14.4314,14.4976,14.1445,14.7761,13.7164,14.4597
19100.0000,14.4956,14.0347,14.4222,11.8336,14.2935,13.9426
19150.0000,6.8047,8.2352,13.4467,5.6021,6.9425,5.2865
19200.0000,10.0287,10.3727,13.7429,256.0228,13.8685,14.4379
19250.0000,9.1028,327.4109,412.4353,14.4986,435.6098,353.2422
19300.0000,308.8590,14.6172,14.1024,14.4219,14.3705,14.4515
19350.0000,14.4442,14.2846,14.5236,14.3999,14.3705,13.9987
19400.0000,14.5084,14.6468,14.4582,14.5947,14.6469,14.3705
19450.0000,14.4831,14.2636,14.4811,14.2820,14.3705,13.7647
19500.0000,14.4676,14.6447,14.3963,14.5070,14.3926,14.4137
19550.0000,14.4385,14.2562,14.4719,14.3452,14.3705,14.3352
19600.0000,14.1296,14.6036,14.4793,14.3997,14.3705,14.6088
19650.0000,14.5018,14.2577,14.2160,14.5361,14.5633,14.5174
19700.0000,14.4424,14.6233,14.4780,14.5760,14.2919,14.3477
19750.0000,14.4474,14.2420,14.4524,14.9324,14.4343,14.5204
19800.0000,14.4286,14.2627,14.5079,14.5054,14.2270,14.2908
19850.0000,14.4455,14.6376,14.4548,14.2996,14.6469,14.5324
19900.0000,14.4235,14.2788,14.4053,14.5420,14.1027,14.4896
19950.0000,14.3544,14.6189,14.4586,14.5093,14.5922,14.3487
